X1,X2,Actual_Label,Predicted_With_Bias,Raw_Output_With_Bias,Predicted_Without_Bias,Raw_Output_Without_Bias
0.554444066,0.957559218,0.0,1,0.6968149466768365,1,0.5621506303264933
0.041660318,0.442705747,0.0,1,0.6858714191838565,0,0.4221781783026348
0.737835077,0.946932935,0.0,0,0.42917977269761415,1,0.5419561737710805
0.990032502,0.652393651,0.0,1,0.5223622987361536,1,0.5120678211327104
0.096754663,0.131900653,0.0,0,0.28806213198483355,0,0.4489577539925578
0.290878377,0.846310846,1.0,1,0.8247959732360595,1,0.5514610583072571
0.776492044,0.362986237,1.0,1,0.6454371746060455,1,0.6103748876942067
0.323000376,0.970679888,1.0,1,0.8652089718196114,1,0.5866426524223006
0.576109608,0.890168593,0.0,1,0.57703590464552,1,0.538109078692446
0.591667947,0.928407646,0.0,1,0.6101172899306313,1,0.5493540668715393
0.416265611,0.659613327,1.0,0,0.4710851354132069,0,0.47121329798942374
0.102644634,0.730268806,1.0,1,0.857063725512479,1,0.5301572148652747
0.299246432,0.479586995,0.0,0,0.38905337133772727,0,0.4243136068190208
0.991859511,0.701035029,0.0,0,0.454071472968232,0,0.49796073621824016
0.62457991,0.641043853,0.0,0,0.27790969182398445,0,0.45904946871523106
0.851175388,0.902507708,0.0,0,0.2878395386733825,1,0.5186064041867293
0.250374755,0.518086781,1.0,1,0.5031515820848909,0,0.4350031441223372
0.76474704,0.362047722,1.0,1,0.631171106811804,1,0.6052286175311465
0.491670408,0.636073459,1.0,0,0.3530115610625895,0,0.45938510029530816
0.873485555,0.115817911,1.0,1,0.8830278074276983,1,0.711801243757141
0.530406664,0.853733268,0.0,1,0.5896905388934612,1,0.5300120765394424
0.213507854,0.368246684,0.0,0,0.36144165338373946,0,0.4069333064586459
0.809445696,0.587968134,0.0,0,0.3763257863173719,0,0.4839512179892915
0.344655313,0.282309883,0.0,0,0.28414083412340313,0,0.4621642765216768
0.563299818,0.152361376,1.0,1,0.6533189833704361,1,0.6544194511307784
0.644454492,0.286111582,1.0,1,0.5740511331979014,1,0.6039942596730767
0.226259927,0.102458804,0.0,0,0.3153412071703045,1,0.535488208676155
0.794759943,0.897709266,0.0,0,0.3188049980474074,1,0.5212769788310899
0.612584323,0.771473618,0.0,0,0.3682941494174269,0,0.4942525982820118
0.440140953,0.052460586,0.0,1,0.6281475642280331,1,0.6557816461532401
0.297208123,0.423917858,0.0,0,0.3365354837955543,0,0.4170160058753112
0.827451154,0.430509549,1.0,1,0.6195675596811949,1,0.582812212351229
0.086848176,0.265123538,0.0,0,0.3849386318679162,0,0.3940797849334497
0.602101702,0.026772437,1.0,1,0.8140290761190969,1,0.6871391826810926
0.753465832,0.591528488,0.0,0,0.3226484870192877,0,0.4708158182861013
0.406760254,0.500396719,1.0,0,0.3123782315929034,0,0.4311320181669796
0.072454403,0.248471643,0.0,0,0.38237275011565797,0,0.3936476246453058
0.096712777,0.389978376,0.0,1,0.5377442355007875,0,0.40417779894458716
0.86871505,0.148821636,1.0,1,0.8733870530316674,1,0.7162413002524252
0.974399609,0.955267266,0.0,0,0.26826318532508353,1,0.5260187759085557
0.571956654,0.990906823,0.0,1,0.7153463758749745,1,0.5707507467634353
0.730613471,0.822447531,0.0,0,0.31089593828033474,1,0.5022208478014907
0.00655975,0.007309102,0.0,0,0.28408689857761066,0,0.49756237938599907
0.585462576,0.464800695,1.0,0,0.30119556150130083,0,0.462448268687843
0.640326791,0.160515659,1.0,1,0.7325686219557609,1,0.6757974172591712
0.994235977,0.517377487,0.0,1,0.7142407075016828,1,0.598107428521726
0.892964371,0.130064268,1.0,1,0.884039772549247,1,0.7147947332239282
0.185976797,0.400447828,0.0,0,0.42901777756091397,0,0.4077449995323864
0.155402846,0.085525227,0.0,0,0.2911733318102016,1,0.5122953250558969
0.23089242,0.231134115,0.0,0,0.2805645051955678,0,0.44560994667648707
0.517058384,0.863205174,0.0,1,0.6220072886734224,1,0.5346018055493538
0.968429763,0.356211872,1.0,1,0.8277283973697498,1,0.6980148647584942
0.834399335,0.174790464,1.0,1,0.8530513380382451,1,0.7135150648942911
0.14939647,0.433765865,0.0,1,0.5256536677697353,0,0.4143697066081449
0.157499286,0.714739495,1.0,1,0.8247290422672849,1,0.5181470126808262
0.455116643,0.531803074,1.0,0,0.30219903099881945,0,0.4373086311901315
0.937685177,0.034037876,1.0,1,0.9050558370261388,1,0.6839321377400989
0.942415142,0.588447832,0.0,1,0.5497052289545042,1,0.5258045472612696
0.968075076,0.896162409,0.0,0,0.27205534240461215,1,0.5103044564379051
0.092036435,0.947045712,1.0,1,0.9036242240927619,1,0.5992528650156486
0.902124599,0.825426639,0.0,0,0.2746601926352523,0,0.4954245471569861
0.649643527,0.355697519,1.0,0,0.47868251714302257,1,0.5518769147481982
0.066413148,0.614802905,1.0,1,0.8188019724312904,0,0.48867910373112994
0.823718223,0.285505865,1.0,1,0.7807328821191134,1,0.6818385140625312
0.632164397,0.926428492,0.0,1,0.5489030491226644,1,0.5449088858466691
0.043913955,0.693527703,1.0,1,0.8645033657820448,1,0.5228320727822203
0.058574221,0.395894491,0.0,1,0.6010859518726952,0,0.40628380454380236
0.424709702,0.406823737,0.0,0,0.27678301528254257,0,0.43796125401022534
0.652039089,0.920225396,0.0,1,0.5107411259554402,1,0.5410174768030508
0.554365724,0.423912144,1.0,0,0.30802264579074246,0,0.46833816699695724
0.236327465,0.190585911,0.0,0,0.28294218589594283,0,0.47299862033026074
0.044995892,0.411499925,0.0,1,0.6414279236556509,0,0.41145088771928384
0.861480319,0.095450321,1.0,1,0.884989569652198,1,0.7074936284902299
0.877417022,0.99270762,0.0,0,0.3287107425397373,1,0.5444572588381082
0.050519237,0.785285926,1.0,1,0.886521181015626,1,0.5553462548683628
0.752203177,0.057763111,1.0,1,0.8669616348767678,1,0.6986101176086325
0.998175747,0.093814406,1.0,1,0.9049005107469357,1,0.7022335912223727
0.241944368,0.806429697,1.0,1,0.8294080637915082,1,0.5427532729167667
0.706709029,0.789328769,0.0,0,0.30499386459394384,0,0.49358609127489345
0.742580535,0.227157599,1.0,1,0.7636905120560554,1,0.6810981427867479
0.255462893,0.21360444,0.0,0,0.28186247112076734,0,0.4662720995538449
0.19714516,0.709842629,1.0,1,0.7964265659021071,1,0.5118366209718485
0.651798604,0.437182005,1.0,0,0.3765734203014132,0,0.49694627371347616
0.420987793,0.976554963,1.0,1,0.8259314652384117,1,0.5798731462426159
0.935641805,0.653345821,0.0,0,0.44551677234871623,0,0.49685850487994676
0.721837123,0.197363594,1.0,1,0.7724457441560387,1,0.6862172364332264
0.345044667,0.71190984,1.0,1,0.6472742337456249,0,0.49681340062569895
0.42243379,0.496421682,0.0,0,0.3008730248677456,0,0.4317497274908377
0.854126926,0.6613497,0.0,0,0.3448364517489556,0,0.4790282096123621
0.369585524,0.478661612,0.0,0,0.3229607732537744,0,0.4266642090208637
0.876046242,0.232119575,1.0,1,0.8455841514198404,1,0.7139800070601017
0.589779658,0.355749438,1.0,0,0.40217600496380573,1,0.5224923096813894
0.979933833,0.408978411,1.0,1,0.80125117361086,1,0.6724671419823908
0.824317013,0.802737486,0.0,0,0.2703259472183871,0,0.491946626350035
0.999760304,0.562484056,0.0,1,0.6654780224016114,1,0.5667030596390094
0.32986332,0.939550808,1.0,1,0.851332533259508,1,0.577177166868758
0.876476626,0.345210691,1.0,1,0.7731555117351493,1,0.6691114063072642
0.617752154,0.570563592,0.0,0,0.2751380876306698,0,0.45230620618569184
0.159115264,0.790083595,1.0,1,0.8586071621928333,1,0.5456994844862155
0.467282204,0.822783995,1.0,1,0.6340654974239707,1,0.5253375777291643
0.162019771,0.021167297,0.0,0,0.32968836463827866,1,0.5655383086530911
0.395608451,0.411649168,0.0,0,0.28043357745353403,0,0.43094173988286183
0.331846689,0.631439647,1.0,1,0.5512560958426633,0,0.467958183404233
0.307099643,0.75027488,1.0,1,0.7372958183675554,1,0.5153103337130908
0.405957409,0.930685927,1.0,1,0.8068974523120506,1,0.5675626519153114
0.833906806,0.359369356,1.0,1,0.718653964010954,1,0.6408999758373535
0.317965582,0.705521756,1.0,1,0.673760440731736,0,0.49714965762072894
0.750322649,0.161340632,1.0,1,0.8190099399604206,1,0.7015552535987326
0.109523343,0.395470268,0.0,1,0.5272642725757928,0,0.4054124378826847
0.715540515,0.107177706,1.0,1,0.8309494446697204,1,0.7005910038607659
0.979314014,0.930966288,0.0,0,0.26831512891250175,1,0.518938071106349
0.816938002,0.271798407,1.0,1,0.7865439801987851,1,0.6859543370752661
0.055663322,0.184570095,0.0,0,0.33781127499999847,0,0.4061027334811916
0.97518466,0.692565937,0.0,0,0.44367858117630865,0,0.4962544392131046
0.510852601,0.120984825,1.0,1,0.6272849176881906,1,0.6508763938858041
0.921443171,0.931937744,0.0,0,0.2734175574237227,1,0.5226549255066432
0.763510077,0.301687056,1.0,1,0.7072862244034411,1,0.6486568071153779
0.418603728,0.466803421,0.0,0,0.2892726270906321,0,0.4302482987509709
0.318337457,0.830747755,1.0,1,0.7974722026857529,1,0.5433397416037944
0.595722542,0.231308389,1.0,1,0.5858682482626004,1,0.6207905399993737
0.445157213,0.461053649,0.0,0,0.2798182023834549,0,0.4338966913882782
0.569564712,0.278465962,1.0,0,0.47936704440788375,1,0.5721556720331785
0.629555029,0.604696229,0.0,0,0.27337684774173776,0,0.454710258208063
0.284083201,0.45036795,0.0,0,0.3736097953202815,0,0.4189284642228459
0.618576707,0.544492374,0.0,0,0.28069833748042755,0,0.4535126154235765
0.404759611,0.732218567,1.0,1,0.5933249896264039,0,0.49849023669988296
0.658218806,0.033127776,1.0,1,0.8406538852629982,1,0.6914359919262392
0.370602829,0.459316239,0.0,0,0.30937445980575,0,0.4252373627490204
0.353131791,0.587729631,1.0,0,0.45799436188633214,0,0.45147610793284604
0.946445161,0.223667174,1.0,1,0.8733645843723369,1,0.725923765067854
0.455837715,0.104172887,0.0,1,0.5753696185841688,1,0.6394328491730766
0.90139353,0.387478941,1.0,1,0.7565849454426897,1,0.6521607908255617
0.233083891,0.889646258,1.0,1,0.8676196775604075,1,0.5710488128773011
0.695143401,0.534063386,0.0,0,0.3242730456106428,0,0.47049730299866827
0.645095142,0.926972205,0.0,1,0.5308019696206668,1,0.5438844845211587
0.418477497,0.301027586,0.0,0,0.3048783653237563,0,0.48167707365030854
0.410693754,0.417107404,0.0,0,0.27867797748849266,0,0.4329964657194909
0.233220365,0.990500901,1.0,1,0.8911544423540582,1,0.5991735952636676
0.409036604,0.167675394,0.0,0,0.4210345552923518,1,0.5775088530985886
0.277948504,0.369603488,0.0,0,0.3113725215883331,0,0.4153978061108327
0.062513978,0.356700703,0.0,1,0.5384886379401324,0,0.39683027286303413
0.627059753,0.597407918,0.0,0,0.2735142324936025,0,0.45401698915736505
0.108772567,0.686755636,1.0,1,0.8354402231269239,1,0.5127861052941538
0.017167812,0.048537456,0.0,0,0.2880447895607356,0,0.47058344563900356
0.103751346,0.7889752,1.0,1,0.8753171959355152,1,0.5511011778504925
0.710921682,0.026006408,1.0,1,0.8643089966598281,1,0.6916789323549175
0.861500063,0.00778463,1.0,1,0.8997697708114479,1,0.679898872583735
0.516720258,0.937392872,0.0,1,0.7164101199681546,1,0.5593094734440794
0.068447265,0.203009905,0.0,0,0.34249448191628,0,0.4034188894667379
0.181360362,0.432500616,0.0,0,0.4783800359195437,0,0.4137211723811191
0.772370077,0.002086574,1.0,1,0.8866079518403258,1,0.6837078964354821
0.687228139,0.559200634,0.0,0,0.3020465527297701,0,0.46345100674050643
0.076112564,0.906213352,1.0,1,0.9009867441956175,1,0.5898289947083343
0.564090871,0.967062456,0.0,1,0.6968023458303442,1,0.564215896160509
0.340524351,0.892692099,1.0,1,0.823342912007466,1,0.5618085175343108
0.330048606,0.414587341,0.0,0,0.3070099668391908,0,0.4203202511078884
0.264979943,0.006212842,0.0,0,0.4520611050379076,1,0.6185192266295048
0.105112455,0.645326862,1.0,1,0.8141264884136903,0,0.49667967913743993
0.614010245,0.587457108,0.0,0,0.2736593650527355,0,0.45241303447099784
0.288328334,0.871411314,1.0,1,0.8392347086376235,1,0.5600142949375216
0.958036925,0.831226782,0.0,0,0.2926249272991497,0,0.49621834544539556
0.964156903,0.234737866,1.0,1,0.8750458877295559,1,0.7277560752876886
0.893926155,0.995259401,0.0,0,0.3177291550642271,1,0.543894193006911
0.597076107,0.942288424,0.0,1,0.6221800792425439,1,0.5533473197557357
0.464318148,0.172362276,0.0,0,0.4868698853602609,1,0.6009724809082434
0.222117169,0.733793591,1.0,1,0.7959434755259917,1,0.5182697013194822
0.253480384,0.839576158,1.0,1,0.8404328199110018,1,0.552963516773181
0.809228872,0.259010895,1.0,1,0.7907455956289225,1,0.6889796056874296
0.068216703,0.109706476,0.0,0,0.29008269317070523,0,0.45083926467737917
0.591532175,0.118162039,1.0,1,0.7277215471721212,1,0.6760782686311474
0.693640483,0.997561625,0.0,1,0.5643297426635641,1,0.5619035040685137
0.584946252,0.203749617,1.0,1,0.6108354264110345,1,0.6342941783069842
0.298459136,0.639963246,1.0,1,0.6114365713024901,0,0.4740693743390158
0.105252471,0.984503208,1.0,1,0.9058463401494954,1,0.6073821745525533
0.093687286,0.244133495,0.0,0,0.3567097954169552,0,0.3988202245484651
0.619559877,0.935422171,0.0,1,0.5804901884927361,1,0.5490261213028444
0.853991202,0.892376987,0.0,0,0.28246032694506606,1,0.5153540413571626
0.668669595,0.208525809,1.0,1,0.709623720906081,1,0.6645622234030156
0.422122297,0.913240316,1.0,1,0.7824038155763361,1,0.5605641085260518
0.113541862,0.595392065,1.0,1,0.7710732447661115,0,0.4753657950505075
0.214559318,0.628013211,1.0,1,0.7034640180005557,0,0.47770128419985963
0.904515908,0.637673927,0.0,0,0.4264889237890837,0,0.49358048917981606
0.732200653,0.566709622,0.0,0,0.3262821819981258,0,0.47117796223772673
0.506829437,0.594972934,0.0,0,0.3087525490081584,0,0.4490752320311808
0.088403705,0.704774603,1.0,1,0.8526156117175381,1,0.522098393070199
0.112557914,0.170194384,0.0,0,0.2951624483686353,0,0.43255770019182543
0.672755441,0.642406617,0.0,0,0.2727441480227671,0,0.4608489229448335
0.414645105,0.988627027,1.0,1,0.835658833657299,1,0.5838428121291463
0.282865514,0.088012143,0.0,0,0.3733669800568915,1,0.5751614700071809
0.751009757,0.867697853,0.0,0,0.32948807409036407,1,0.5150819243651555
0.872330167,0.003857828,1.0,1,0.901538218635546,1,0.6774203975674755
0.081694073,0.902326502,1.0,1,0.8998995283403441,1,0.5882904096608458
0.835053372,0.394511519,1.0,1,0.6780067464801337,1,0.6150587490435461
0.773089373,0.305833596,1.0,1,0.7131093101274758,1,0.6501278427310258
0.970371177,0.680297594,0.0,0,0.4542769616479124,0,0.4979954794392382
0.597977738,0.281147329,1.0,1,0.5151669064308068,1,0.5845283091036534
0.912129492,0.858607742,0.0,0,0.2701175183096623,1,0.5029540148902439
0.474936917,0.659032271,1.0,0,0.39504144144502124,0,0.4670662683270491
0.47205791,0.433386384,0.0,0,0.27701199700287865,0,0.4427384982096888
0.231745401,0.15333629,0.0,0,0.2921394845753237,0,0.4980607343912045
0.43265877,0.233039176,0.0,0,0.3711498358709377,1,0.5379806917341242
0.251444094,0.77058265,1.0,1,0.8015641138588947,1,0.5288465670066557
0.499201586,0.889406075,1.0,1,0.6801783747402069,1,0.5452888414906685
0.815264891,0.070202801,1.0,1,0.880579209992135,1,0.7017833585739858
0.396117743,0.48355461,0.0,0,0.3085450158181046,0,0.4288445097819893
0.041857035,0.814395907,1.0,1,0.8931966504052411,1,0.5657832494501519
0.899804128,0.973020786,0.0,0,0.29898540213652147,1,0.5366049488014784
0.235213647,0.068922063,0.0,0,0.34770292461247854,1,0.5660343325596457
0.28239189,0.233056816,0.0,0,0.28260499045260673,0,0.4656368000228131
0.320692962,0.045383424,0.0,0,0.4716920525809872,1,0.6192034786229417
0.579036029,0.357120152,1.0,0,0.3884404007155269,1,0.516454685914727
0.221771177,0.738788538,1.0,1,0.7997750395330802,1,0.5202018377927984
0.544017124,0.491819879,1.0,0,0.2774251361527164,0,0.4469190109349644
0.674072555,0.1314081,1.0,1,0.788928661159968,1,0.6917714541582061
0.933760652,0.493280439,1.0,1,0.6729913674389649,1,0.5868429805485837
0.838795376,0.325506687,1.0,1,0.7582770210429913,1,0.6655894112481138
0.352654491,0.295051762,0.0,0,0.2827800886914753,0,0.45831875578912257
0.688543357,0.330930785,1.0,1,0.5703512063904177,1,0.5912328956454979
0.967395064,0.321117682,1.0,1,0.8450621315276986,1,0.712288079186647
0.271319324,0.814184735,1.0,1,0.8172442163616017,1,0.5424146543160758
0.521568306,0.496720572,1.0,0,0.27520832760528036,0,0.442674124412124
0.034089669,0.209031579,0.0,0,0.38092482755357737,0,0.39297240842199366
0.12278559,0.50475403,1.0,1,0.6632469578484151,0,0.43864579966055983
0.520863061,0.939138337,0.0,1,0.7137960064641514,1,0.559475091586093
0.30910807,0.748933714,1.0,1,0.7338785556544825,1,0.5145916948144684
0.214453898,0.083584498,0.0,0,0.32047354217543245,1,0.5443551946119516
0.913281122,0.13752284,1.0,1,0.8866308967258715,1,0.7165740759679777
0.204523845,0.43030163,0.0,0,0.4439974923408817,0,0.41339784917451644
0.697955972,0.033187464,1.0,1,0.8571749804870903,1,0.6929024032651686
0.728674928,0.839132418,0.0,0,0.3244364518703719,1,0.5076168315628135
0.268496844,0.862054973,1.0,1,0.8439948415642943,1,0.5589144417501475
0.934864287,0.583843905,0.0,1,0.5457461096356231,1,0.5254440131386162
0.287127746,0.614718994,1.0,1,0.5913327216699447,0,0.4656480921600323
0.819960226,0.876608775,0.0,0,0.2904611993717086,1,0.5128640528470815
0.129139037,0.075115902,0.0,0,0.28719883265376733,1,0.5069935829470773
0.940784631,0.700288926,0.0,0,0.3914821888778413,0,0.48857974553210615
0.441114324,0.864890383,1.0,1,0.7186827058765377,1,0.54269667924474
0.149915162,0.465038777,0.0,1,0.5707017189349535,0,0.42330692267501063
0.437697175,0.909157895,1.0,1,0.7660103401513039,1,0.5577648517473839
0.022479809,0.438442372,0.0,1,0.7033201593712752,0,0.4220225045636746
0.575492142,0.222842624,1.0,1,0.5697244446468412,1,0.6173407089806257
0.677990819,0.662144718,0.0,0,0.27280633169498564,0,0.46369168806093897
0.271797718,0.627681389,1.0,1,0.6310301712071189,0,0.471912159935125
0.477587635,0.044998545,0.0,1,0.6855987800390305,1,0.6671918072041786
0.698484644,0.921832416,0.0,0,0.4476788901716699,1,0.5373004732466256
0.854862448,0.506356859,0.0,1,0.5468096426743535,1,0.5396883477725986
0.530334613,0.455567903,1.0,0,0.2830775778728913,0,0.45098964858573926
0.614446302,0.842757024,0.0,0,0.4532259066092748,1,0.5182767402982773
0.03608333,0.674204077,1.0,1,0.8605345017873269,1,0.5162135993648935
0.220952708,0.587108752,1.0,1,0.6441011890532707,0,0.4611798178226731
0.140281188,0.613956541,1.0,1,0.7642415172984848,0,0.47998658114751996
0.81281275,0.029137941,1.0,1,0.8889740334060674,1,0.6905586709754937
0.084768819,0.213693643,0.0,0,0.33788019509803247,0,0.4045408435927776
0.245997033,0.142941205,0.0,0,0.30266185981999316,1,0.5134325253688612
0.403055818,0.078225108,0.0,1,0.5387908982446623,1,0.6331213154911547
0.295772626,0.149074997,0.0,0,0.32888570730498806,1,0.5342554747550519
0.359720565,0.14344207,0.0,0,0.3931993548107141,1,0.5714183140263055
0.980495755,0.976374346,0.0,0,0.2699262081305303,1,0.5317126752971991
0.955324391,0.116792819,1.0,1,0.8972217793773443,1,0.7116279327455662
0.280933141,0.693104034,1.0,1,0.7030332219111137,0,0.49623257945862775
0.903545761,0.688812593,0.0,0,0.36443615833762094,0,0.4839404940493228
0.92081006,0.094372677,1.0,1,0.8956235497609504,1,0.7062698068259163
0.420797506,0.391063938,0.0,0,0.2772213749419788,0,0.4410303455802761
0.301413012,0.233933498,0.0,0,0.286640992038678,0,0.473428407972106
0.89768682,0.652014191,0.0,0,0.39998244123589033,0,0.48848737358364114
0.22382699,0.480126947,0.0,0,0.4863463734501809,0,0.4250001737379411
0.884278556,0.783737009,0.0,0,0.2827441663325953,0,0.4873326358955617
0.167775459,0.613262505,1.0,1,0.7376703383622026,0,0.4767357872746902
0.721595323,0.43129207,1.0,0,0.4692186509582869,1,0.530644013469094
0.43042517,0.997293447,1.0,1,0.832125825980862,1,0.5849179194405313
0.095449719,0.513962782,1.0,1,0.7074088026814368,0,0.4444865848508038
0.665254723,0.312958603,1.0,1,0.5638495228372706,1,0.5935932611554463
0.98827647,0.425170235,1.0,1,0.7952911936817174,1,0.6653259103261785
0.082135468,0.687298415,1.0,1,0.8479209141945035,1,0.5160432240467284
0.213122286,0.256207939,0.0,0,0.28919216283427757,0,0.42744156574778497
0.708197998,0.661043354,0.0,0,0.27333774523007365,0,0.4646543648140623
0.917991507,0.589352237,0.0,1,0.513309654783142,1,0.5163534500947844
0.592497834,0.955067233,0.0,1,0.645955968964753,1,0.5578509733133343
0.54828755,0.084983297,1.0,1,0.7185312325896865,1,0.6742015015652872
0.951273181,0.279915088,1.0,1,0.8559740651534397,1,0.7199753823332495
0.955048005,0.047274495,1.0,1,0.9053911981539166,1,0.6877714834652993
0.384713111,0.042611741,0.0,1,0.565481858490291,1,0.6429332005109735
0.584610311,0.161121793,1.0,1,0.6687429771993326,1,0.6577304837261972
0.05028993,0.318388474,0.0,1,0.5003923628284381,0,0.39031953979773104
0.027898455,0.451852641,0.0,1,0.7125261935043898,0,0.42655558856194653
0.263258963,0.107866371,0.0,0,0.33712744621728075,1,0.550231174564755
0.366059875,0.003341834,0.0,1,0.5967866399162205,1,0.6508465851330619
0.976892554,0.138643393,1.0,1,0.8970630634485024,1,0.716977711960895
0.962670001,0.671506491,0.0,0,0.45625238561175063,0,0.49844615820009186
0.846856011,0.864473235,0.0,0,0.2759071272173659,1,0.5075817683668846
0.214696419,0.7029736,1.0,1,0.7776924785342544,1,0.5072275309368706
0.160842755,0.48039014,0.0,1,0.5773461915655375,0,0.4276151601748689
0.725129967,0.138351617,1.0,1,0.8182509014392231,1,0.7000775712308398
0.693715733,0.029856675,1.0,1,0.8568865368365299,1,0.6921976105372408
0.515912976,0.87385207,0.0,1,0.6382886001461797,1,0.5383766499383972
0.214470526,0.896796839,1.0,1,0.8749788851723258,1,0.5749402524990078
0.178776623,0.496551677,0.0,1,0.575095592250587,0,0.4318841359228401
0.305150624,0.691952636,1.0,1,0.6725858721381605,0,0.4932685050972337
0.773688136,0.122483165,1.0,1,0.8505104541172169,1,0.7069796099633301
0.049319658,0.980109881,1.0,1,0.9095771185747206,1,0.6104039077529086
0.321269679,0.988066469,1.0,1,0.8710884651777193,1,0.5915031680121898
0.439815529,0.757437604,1.0,1,0.5796984389587428,1,0.5043728340192823
0.932219182,0.594328827,0.0,1,0.5262444134151302,1,0.5189535338094723
0.075061391,0.33911105,0.0,0,0.4949983605943978,0,0.39423873303926926
0.98074836,0.908681075,0.0,0,0.27180990792236087,1,0.5129727641089841
0.681801061,0.687173184,0.0,0,0.27508098766356903,0,0.4681342066115763
0.307109475,0.018647599,0.0,0,0.4912283230935404,1,0.6275562763315236
0.015908969,0.038503014,0.0,0,0.28632770890725134,0,0.47768911565712574
0.508789315,0.895336191,0.0,1,0.6757597541891203,1,0.5463449754822337
0.692180931,0.446954807,1.0,0,0.410454068778558,1,0.5075776578922666
0.733505932,0.412747936,1.0,1,0.5127829990400742,1,0.5497727808483711
0.21182133,0.033055622,0.0,0,0.36041379919332817,1,0.5805730110400357
0.380091891,0.770236407,1.0,1,0.6780769252388769,1,0.5151043130866041
0.257691844,0.988038983,1.0,1,0.8862498716718422,1,0.59662367387191
0.479802995,0.040169219,0.0,1,0.6941167304752064,1,0.6686775845269468
0.899437084,0.891121065,0.0,0,0.27035079988740013,1,0.5122194681747019
0.776755903,0.127788447,1.0,1,0.8495015437801811,1,0.7074080527029689
0.952298439,0.325009768,1.0,1,0.8361405429348121,1,0.7064686326464117
0.057005022,0.448659385,0.0,1,0.6744804527529901,0,0.4232279313926916
0.89231368,0.953040757,0.0,0,0.2921713341548944,1,0.5310595073844725
0.990878961,0.386398059,1.0,1,0.8227781772234208,1,0.6905130536965455
0.215017414,0.69968552,1.0,1,0.774688902088113,1,0.5059115663145801
0.824324547,0.995365091,0.0,0,0.38342452702876045,1,0.5497414831888738
0.343891429,0.492591043,0.0,0,0.35631929270870594,0,0.42753496570594296
0.428718733,0.585617489,1.0,0,0.36492684041168133,0,0.447748173641651
0.0712665,0.207432851,0.0,0,0.34385824539437027,0,0.402795663005595
0.297145157,0.405257623,0.0,0,0.32225004701166593,0,0.41647529357534896
0.814629846,0.172404968,1.0,1,0.8458783354454823,1,0.7109107608492669
0.123252379,0.725095655,1.0,1,0.846741708444638,1,0.5259213991928327
0.406723076,0.860271339,1.0,1,0.7490030301604796,1,0.5445522053186463
0.907179938,0.758493589,0.0,0,0.30737183790075756,0,0.48467947984428544
0.160828108,0.900908657,1.0,1,0.8878666193552868,1,0.580996821339562
0.432480964,0.688758076,1.0,0,0.4897006236912057,0,0.48012571779858587
0.353468404,0.677996001,1.0,1,0.5881325494139559,0,0.4832037979494357
0.612828786,0.54466154,0.0,0,0.2792569146794781,0,0.45263455285464654
0.823375281,0.225683874,1.0,1,0.8225623317063779,1,0.7039980229659536
0.028046085,0.705538182,1.0,1,0.8729104422749884,1,0.5292154514981463
0.5832867,0.617333074,0.0,0,0.28305284303056205,0,0.4542139364449289
0.164966238,0.618387275,1.0,1,0.7455707686439219,0,0.47909438177231845
0.725493423,0.989646448,0.0,1,0.5061125602469788,1,0.5566186134894748
0.929690598,0.739382293,0.0,0,0.33925139721345304,0,0.4852261366339464
0.943841423,0.907716251,0.0,0,0.26828889151430113,1,0.5144485730235624
0.29573993,0.084965443,0.0,0,0.3901673524390986,1,0.5835285043153408
0.286472597,0.18676403,0.0,0,0.2997157164264809,0,0.49991727484284076
0.868178236,0.040867491,1.0,1,0.8960595898931921,1,0.6916376597686592
0.299259453,0.782280992,1.0,1,0.7743080427008844,1,0.528033668004722
0.693739979,0.853437095,0.0,0,0.36977653436526464,1,0.5150108368931238
0.964400853,0.606726863,0.0,1,0.5539321271900453,1,0.5242920739561391
0.099199068,0.915389305,1.0,1,0.8993955259351704,1,0.5903813326385082
0.714717095,0.271753374,1.0,1,0.6869420515546721,1,0.6468557714810821
0.259908095,0.802169237,1.0,1,0.8167745656040474,1,0.5393676570349084
0.514353218,0.399660603,1.0,0,0.30022791088636996,0,0.465579606848784
0.044694478,0.983430636,1.0,1,0.910066349462791,1,0.6114871865703122
0.004607973,0.876813554,1.0,1,0.9051051666726501,1,0.5878340031008167
0.210851222,0.887935823,1.0,1,0.8735418230824861,1,0.5725978449786391
0.867531343,0.148617107,1.0,1,0.8731184312038859,1,0.7161454395845385
0.750346282,0.559248312,0.0,0,0.3478659283061137,0,0.4772539986299075
0.741694042,0.48671883,1.0,0,0.4201055892691824,1,0.5045241749728693
0.669981252,0.248995612,1.0,1,0.6610870751748027,1,0.6421292335840043
0.236127319,0.855097984,1.0,1,0.8544977945958145,1,0.5598310465357712
0.411378644,0.075929193,0.0,1,0.5540399912547896,1,0.6372570246484097
0.160817474,0.76306738,1.0,1,0.8471566895693959,1,0.5358742701033815
0.011733159,0.619349115,1.0,1,0.8485327028519953,0,0.4969717937874421
0.784543826,0.566900198,0.0,0,0.37333866115558273,0,0.48382545594112086
0.217867792,0.925009352,1.0,1,0.8811480674439154,1,0.5828829966094228
0.466848719,0.505794957,1.0,0,0.28563041366150965,0,0.43592060032351804
0.216146915,0.239306545,0.0,0,0.2839647671316462,0,0.4359372639677457
0.44161585,0.450933931,0.0,0,0.27870342448445573,0,0.4341713985030844
0.820432596,0.375307338,1.0,1,0.6844894517493879,1,0.6226316535259867
0.790882428,0.761519221,0.0,0,0.2707300204728159,0,0.4830598215364759
0.973071455,0.087542196,1.0,1,0.9030428464941387,1,0.701611698381473
0.262624557,0.0820244,0.0,0,0.3598670088921241,1,0.5697216979065906
0.297818439,0.909317876,1.0,1,0.8518808235792763,1,0.5710415808424257
0.369988341,0.512204874,1.0,0,0.3503479612328158,0,0.43156941578971086
0.015166835,0.976732701,1.0,1,0.9113441124716124,1,0.6120553190305499
0.49225544,0.994043247,1.0,1,0.7914787153732632,1,0.5786920963038236
0.604969763,0.108519187,1.0,1,0.7508426356366431,1,0.681715475450192
0.630666577,0.360262152,1.0,0,0.44683015171432866,1,0.5389410089143892
0.999629112,0.850822572,0.0,0,0.3041864066219222,0,0.49988451068257717
0.141865617,0.058764979,0.0,0,0.2965205635247443,1,0.5266454129224118
0.652882043,0.280729527,1.0,1,0.5938467293084371,1,0.6121887403321999
0.482790894,0.313883568,0.0,0,0.33938453944775815,1,0.5019235783636407
0.724966701,0.840291189,0.0,0,0.3283044438932221,1,0.5082613017326179
0.147930647,0.254163508,0.0,0,0.32099742669860915,0,0.40934977423183205
0.610958768,0.807383776,0.0,0,0.41139219015296774,1,0.506450549365336
0.005608672,0.344628394,0.0,1,0.6025389987699898,0,0.3938982549701352
0.112276726,0.218326643,0.0,0,0.3209048950836193,0,0.4108149749687854
0.958113671,0.34595156,1.0,1,0.8279188105938357,1,0.6993519871739963
0.560541251,0.588364049,0.0,0,0.2814089958842182,0,0.44920906097963853
0.476050677,0.317616726,0.0,0,0.3309173989934456,0,0.496312482695272
0.277923807,0.346879698,0.0,0,0.29901254940772926,0,0.418327760407783
0.94802733,0.891746985,0.0,0,0.26976477142165073,1,0.5099946563095036
0.863886124,0.782665604,0.0,0,0.2767732685398286,0,0.4869938436563099
0.840852962,0.437851072,1.0,1,0.6273813594647586,1,0.5837792173938858
0.75928489,0.624502302,0.0,0,0.30365277165292837,0,0.4680970327010284
0.644755011,0.702676255,0.0,0,0.29191814692288137,0,0.47210327465277446
0.866148948,0.993841799,0.0,0,0.33940170386491597,1,0.5457382364112447
0.235774379,0.446223296,0.0,0,0.4245060462914923,0,0.4169499161186709
0.315032533,0.706361056,1.0,1,0.6784513057943959,0,0.4977738860088943
0.230106727,0.779036072,1.0,1,0.8205270776746402,1,0.5342230451291002
0.3816594,0.00930511,0.0,1,0.6097631358627582,1,0.6531526490358749
0.493961792,0.633534162,1.0,0,0.3484912785022575,0,0.45859493367083504
0.530580725,0.344666453,1.0,0,0.35279624979216534,1,0.5027789906895757
0.041245308,0.074815387,0.0,0,0.288278761336637,0,0.46277592339985846
0.814251535,0.50608383,0.0,0,0.4894056585302506,1,0.5223684114562046
0.553509209,0.424551462,1.0,0,0.30712783453673514,0,0.467791055418615
0.441694327,0.54751983,1.0,0,0.3206371752038073,0,0.439271243593073
0.047708236,0.191375972,0.0,0,0.35031710223692003,0,0.4013836018534595
0.357906056,0.969203806,1.0,1,0.8521545728639242,1,0.5832501228324418
0.815963051,0.886272711,0.0,0,0.29753803036153076,1,0.5161082684194658
0.774838548,0.993985035,0.0,0,0.4430845535652076,1,0.5536047005231798
0.969497897,0.610389308,0.0,1,0.5557732676191365,1,0.5242623723777594
0.407188712,0.724010236,1.0,1,0.5779231552859688,0,0.4952137644928603
0.610606955,0.166632306,1.0,1,0.693173207267512,1,0.6640805990498738
0.797648381,0.865530234,0.0,0,0.2962632596170756,1,0.5109927915295815
0.714542821,0.540348515,0.0,0,0.33419278454870094,0,0.4735848585947536
0.830056099,0.448536412,1.0,1,0.5972098696005768,1,0.5700331478322186
0.284473586,0.256405214,0.0,0,0.2796597984663214,0,0.4527594704032364
0.225749087,0.55020528,1.0,1,0.5856655023746297,0,0.44716673488968744
0.854335446,0.706632205,0.0,0,0.30860226825584136,0,0.4776753633671144
0.296923591,0.240431092,0.0,0,0.2838205277052953,0,0.4672842297382687
0.736989105,0.419025172,1.0,1,0.5084407318850963,1,0.5467694193525781
0.245778688,0.672883863,1.0,1,0.7193645814743814,0,0.49208000116800343
0.120769939,0.545134505,1.0,1,0.7144176749595227,0,0.45432618047765566
0.732108917,0.72571333,0.0,0,0.27279305677585935,0,0.4759231720962602
0.550674768,0.38301861,1.0,0,0.3354655766423342,0,0.48743975062046113
0.253077894,0.674799951,1.0,1,0.7135030767476208,0,0.49205511646297506
0.326068679,0.620808702,1.0,1,0.5440083685917448,0,0.46459841700615895
0.079245493,0.724004392,1.0,1,0.863052205600056,1,0.5304171093304553
0.159511956,0.321587081,0.0,0,0.3684120472780003,0,0.40094869560016405
0.904578555,0.313886712,1.0,1,0.816400846554904,1,0.6961127942437003
0.393433572,0.296518233,0.0,0,0.2951652125997624,0,0.473815868391592
0.346859695,0.118070382,0.0,0,0.4087448674815433,1,0.584097042047338
0.792996553,0.466606088,1.0,1,0.5175374629441699,1,0.5388954704399012
0.007918874,0.481755529,0.0,1,0.7627155245333168,0,0.44000772816673905
0.592181621,0.041131662,1.0,1,0.7976511067761773,1,0.6866758299164488
0.523079852,0.332205909,1.0,0,0.35795992433521406,1,0.5078585705095796
0.287113126,0.84590214,1.0,1,0.8266478414365306,1,0.5517025528678581
0.86179325,0.154967833,1.0,1,0.8695687089479851,1,0.7162126279500053
0.073499474,0.82104565,1.0,1,0.8890184568237572,1,0.5648115668426835
0.31516849,0.529082742,1.0,0,0.4299221368447789,0,0.43577066796999947
0.933751283,0.026883448,1.0,1,0.9053818944722928,1,0.6813439490593918
0.787659843,0.805984095,0.0,0,0.27666751770602027,0,0.49416078526700025
0.782841885,0.422087829,1.0,1,0.5693996774217877,1,0.5670104286647832
0.077871487,0.640822582,1.0,1,0.8272787083749693,0,0.497995657391721
0.825116638,0.994502548,0.0,0,0.38155368786223187,1,0.549405862178983
0.395790971,0.017752343,0.0,1,0.6170561043412642,1,0.6544135467059492
0.426401218,0.836645164,1.0,1,0.7031215946226504,1,0.5343683366769684
0.326327442,0.473272316,0.0,0,0.35455592622934573,0,0.42390499098337986
0.086712662,0.671071368,1.0,1,0.8384370326796183,1,0.5091248872426318
0.954686018,0.590293316,0.0,1,0.5645602240320458,1,0.529493564591747
0.235283557,0.184210991,0.0,0,0.2840276266498784,0,0.47695479609661634
0.406750845,0.400081949,0.0,0,0.2774322884518772,0,0.4353981649603786
0.122757082,0.499330324,0.0,1,0.6562141776348902,0,0.4366542430240894
0.574297145,0.043171549,1.0,1,0.7828094598411499,1,0.6844729751302876
0.111218386,0.176537756,0.0,0,0.29832992587989343,0,0.42866480724667444
0.219942744,0.972257202,1.0,1,0.89026121046439,1,0.5955610783925344
0.266137982,0.291676634,0.0,0,0.28389804402481533,0,0.43020876673045516
0.62180996,0.189606828,1.0,1,0.6780310014813724,1,0.6570608045504039
0.880971499,0.293232567,1.0,1,0.8151097612404518,1,0.6973685933292914
0.316079325,0.944233472,1.0,1,0.8584165334493994,1,0.5797671786027819
0.88398676,0.151026058,1.0,1,0.8768352774725283,1,0.7173940297978623
0.880692877,0.939942061,0.0,0,0.2914697679570858,1,0.52791900287388
0.230823544,0.610627334,1.0,1,0.6623219429989857,0,0.4692791470431047
0.976102355,0.630185335,0.0,1,0.5356027040450014,1,0.5170107338173495
0.195265839,0.307199864,0.0,0,0.3249835042114925,0,0.4084338039549463
0.718239619,0.658387769,0.0,0,0.27506819680477923,0,0.4648930682228755
0.513965993,0.966508603,0.0,1,0.7494907895594486,1,0.5686144184831963
0.45474366,0.217060399,0.0,0,0.41390766195532624,1,0.5620699712462515
0.185016082,0.153571641,0.0,0,0.28191614699400636,0,0.47490703946450313
0.693376455,0.821477449,0.0,0,0.33901375298206843,1,0.5045586269643968
0.340915205,0.285423492,0.0,0,0.28257079439557586,0,0.45896274314156715
0.627088425,0.868395347,0.0,0,0.47152198296075143,1,0.5259026347708233
0.510824844,0.809521732,0.0,1,0.5532151788453905,1,0.5163231611719215
0.878134681,0.592213431,0.0,0,0.45386720430909816,1,0.5017835178480896
0.588592268,0.561093978,0.0,0,0.2741165479261322,0,0.44916877569595437
0.684542942,0.091033924,1.0,1,0.823237377635191,1,0.6971200327854125
0.955114937,0.913876823,0.0,0,0.2682775068371129,1,0.5155472865192168
0.513620306,0.037832478,1.0,1,0.7335211919060731,1,0.6756086862760993
0.941339277,0.9671339,0.0,0,0.27742518425748186,1,0.5317153998308716
0.683494654,0.166437428,1.0,1,0.7672253545749217,1,0.685712950245324
0.009588465,0.505221615,1.0,1,0.7813212899869585,0,0.44943752664764647
0.276241988,0.411750481,0.0,0,0.34393711875226834,0,0.41454200126570645
0.184728802,0.687390577,1.0,1,0.7888045622979655,1,0.5044551682510217
0.231953932,0.76440712,1.0,1,0.8103378740704633,1,0.5286705192726509
0.964668368,0.547112789,0.0,1,0.640829773292829,1,0.5614016643252137
0.915986111,0.590791272,0.0,1,0.508316126270352,1,0.5149401035353391
0.011437677,0.051728549,0.0,0,0.2903216108655433,0,0.4653073994760789
0.909546559,0.802051367,0.0,0,0.2848733894481351,0,0.49074725268383834
0.406732101,0.250930515,0.0,0,0.33160284512618216,1,0.5110386545905138
0.92172406,0.059121336,1.0,1,0.9006017685361356,1,0.6947806077210893
0.790479075,0.672113119,0.0,0,0.2934597081059856,0,0.4709811564878997
0.697455247,0.043315767,1.0,1,0.8529554331455372,1,0.6945792840059944
0.232399593,0.932070066,1.0,1,0.8794416816046449,1,0.58362064268563
0.522608938,0.275626823,1.0,0,0.42194695431598184,1,0.5503266854294476
0.908418492,0.056415081,1.0,1,0.8993159033662496,1,0.6946560494412729
0.626466283,0.98557748,0.0,1,0.6418963029057619,1,0.5642508323677047
0.582653922,0.00076515,1.0,1,0.8186098827609916,1,0.6834475481234985
0.891515086,0.029676244,1.0,1,0.9006491777782322,1,0.6860170364051167
0.505789234,0.32889713,1.0,0,0.34548011490495856,1,0.5021862421367909
0.382633185,0.737709676,1.0,1,0.6319363099051207,1,0.5027307797717406
0.622862285,0.798428948,0.0,0,0.3866472529420098,1,0.502431979925441
0.963935687,0.330593597,1.0,1,0.8389626602576936,1,0.7077795962735568
0.011065431,0.961439502,1.0,1,0.9107220763368722,1,0.6088512913619426
0.513528989,0.380838407,1.0,0,0.31086672912783375,0,0.474246159181624
0.440312909,0.959846274,1.0,1,0.8037127042804688,1,0.5732697947307909
0.221343973,0.908924522,1.0,1,0.8763865136517162,1,0.5779178765836077
0.483539577,0.681510117,1.0,0,0.41181916644372213,0,0.4737756069976563
0.945738741,0.661529827,0.0,0,0.4475663806470967,0,0.49706494833147025
0.007155718,0.113519748,0.0,0,0.3212372647510744,0,0.42224122788600127
0.264259735,0.673864485,1.0,1,0.6997670206781973,0,0.4905129925228438
0.922738626,0.879907804,0.0,0,0.2689357485600051,1,0.5079977860272378
0.648014548,0.264376395,1.0,1,0.610741058211914,1,0.6218099510319297
0.669373228,0.180484888,1.0,1,0.7408203112309774,1,0.6770317610881622
0.02369861,0.530625704,1.0,1,0.7903101513043232,0,0.4584757359256069
0.649330282,0.639300881,0.0,0,0.2736060220620942,0,0.45947821665219185
0.35033731,0.552158853,1.0,0,0.4150461990096347,0,0.4410156738024992
0.2760243,0.105347123,0.0,0,0.3498875105269391,1,0.5586803254078865
0.708219842,0.754612752,0.0,0,0.28655952081147995,0,0.4835578167925988
0.303150296,0.16142899,0.0,0,0.32485534245363756,1,0.528211445243023
0.611569025,0.406457877,1.0,0,0.36831384425418495,0,0.49853927814833676
0.125722325,0.284977581,0.0,0,0.3653782755174558,0,0.39857637399859697
0.491621169,0.599424739,1.0,0,0.3221006863689717,0,0.4500597767366339
0.263690993,0.652478124,1.0,1,0.6743863714782629,0,0.4822512746885206
0.516013523,0.252912498,1.0,0,0.4435124096751445,1,0.5650216790076806
0.163792271,0.597522919,1.0,1,0.7253209678011858,0,0.47085051285186585
0.336244067,0.957152955,1.0,1,0.8558120574628981,1,0.5817090691307722
0.501009949,0.062779567,1.0,1,0.6914044000497618,1,0.66846909353064
0.278488693,0.389637213,0.0,0,0.3244339267748839,0,0.41440379039725994
0.936620507,0.291133324,1.0,1,0.8452391470395064,1,0.7137122139469063
0.465894394,0.108741695,0.0,1,0.5828436181907647,1,0.6408187572855469
0.498793336,0.210935811,0.0,0,0.47893938274584325,1,0.5891546115707876
0.065336022,0.620921123,1.0,1,0.8230247584807074,0,0.49132098031746874
0.288461635,0.145640962,0.0,0,0.32623713895226003,1,0.5332144671909368
0.441688121,0.29800712,0.0,0,0.3209992876111262,0,0.493941996801816
0.956688421,0.368518404,1.0,1,0.8135275335919413,1,0.6873779201597349
0.491146129,0.549439697,1.0,0,0.29292777075633697,0,0.4411905532296165
0.204712719,0.33849211,0.0,0,0.34221223050828903,0,0.40650678817020575
0.797693224,0.805277225,0.0,0,0.2741309974675381,0,0.4935424777042765
0.492946915,0.978491868,1.0,1,0.7787003192781501,1,0.5740960385608518
0.008732893,0.218247525,0.0,0,0.42067104605935035,0,0.38593161365247736
0.322683417,0.470759767,0.0,0,0.3556110506667057,0,0.4233978167342003
0.096368945,0.081645481,0.0,0,0.28243155386802393,0,0.48503185768931195
0.159021178,0.471415232,0.0,1,0.5668823816320966,0,0.424863124677555
0.118721509,0.704863691,1.0,1,0.8395221274017214,1,0.5187034890393531
0.650219068,0.845522114,0.0,0,0.41046179528367455,1,0.5160487340093051
0.848926791,0.377102243,1.0,1,0.7149445320954996,1,0.6350875720135394
0.317761401,0.706032475,1.0,1,0.6746597317120273,0,0.4973660256058321
0.365563635,0.122481893,0.0,0,0.42563153229408135,1,0.5898552181914454
0.536964698,0.465808011,1.0,0,0.28186430011771124,0,0.4501235156414273
0.525519529,0.953442582,0.0,1,0.7244850859299513,1,0.5635370789399745
0.278974825,0.020239951,0.0,0,0.4512113460854414,1,0.6165921142862721
0.527930642,0.519465736,0.0,0,0.2754976171766916,0,0.44248032081833977
0.120039727,0.783093089,1.0,1,0.8691034820630396,1,0.5473633956050682
0.00278979,0.416373656,0.0,1,0.7002363511282965,0,0.41549762444626814
0.312082786,0.845297753,1.0,1,0.811572996187105,1,0.5489777559067254
0.375836786,0.701786082,1.0,1,0.5906058002437196,0,0.4899636409791296
0.6395652,0.530159908,0.0,0,0.2936340490598202,0,0.45905247572429847
0.920829069,0.181999258,1.0,1,0.8780065779986862,1,0.7225283042939807
0.663108375,0.993639779,0.0,1,0.602581544060225,1,0.5634289554067513
0.652145919,0.285429488,1.0,1,0.585935364937937,1,0.6083010941943553
0.26454653,0.472016007,0.0,0,0.42109133631542633,0,0.4224950495381412
0.800344312,0.079389539,1.0,1,0.8744272739050304,1,0.7036029524433045
0.557811191,0.949211804,0.0,1,0.6826586574639705,1,0.5592163599984229
0.587222532,0.366457952,1.0,0,0.38670332200103796,1,0.5137414902459844
0.465165482,0.577350393,1.0,0,0.32534974246049253,0,0.4453258809974386
0.321899149,0.194441252,0.0,0,0.3142916993897248,1,0.5118011465436502
0.005688507,0.244335353,0.0,0,0.4585109382798384,0,0.38303510777840133
0.376715993,0.264677292,0.0,0,0.30323191762414853,0,0.4869060438671658
0.303687402,0.650722568,1.0,1,0.6193207217489943,0,0.47764577095571736
0.327815176,0.376905958,0.0,0,0.29029177966693426,0,0.42327518971414857
0.422840458,0.404945844,0.0,0,0.2768142432786282,0,0.43796310410819567
0.239313274,0.161790021,0.0,0,0.2916048443258341,0,0.4953875137496862
0.15524714,0.209398003,0.0,0,0.29350711148446906,0,0.42848208319835634
0.216872821,0.568087709,1.0,1,0.6235676021474643,0,0.45437955191199114
0.298379347,0.189345531,0.0,0,0.30414133963396994,1,0.503892772508591
0.981249013,0.873073636,0.0,0,0.2831481421531265,1,0.5044382963562395
0.768691042,0.95289701,0.0,0,0.3982588090951421,1,0.5411565056626624
0.907394645,0.094744474,1.0,1,0.8935098934862675,1,0.7067548262263877
0.191431134,0.660325561,1.0,1,0.7605772792048487,0,0.49299887807573445
0.999015319,0.507551824,0.0,1,0.7301464124745951,1,0.6082288975556368
0.936306227,0.641282683,0.0,0,0.46323867382943695,1,0.500701815333627
0.823180419,0.124700517,1.0,1,0.8673935151068356,1,0.7110636339035632
0.637833206,0.871501433,0.0,0,0.46098000288449636,1,0.5259754183914479
0.70456177,0.111950798,1.0,1,0.822254022419631,1,0.699038133475351
0.682130722,0.209263715,1.0,1,0.7233425338010359,1,0.6689411918672021
0.187799018,0.553494562,1.0,1,0.642887617637226,0,0.4514105860669168
0.279058901,0.233814839,0.0,0,0.28191893784328714,0,0.463730956534778
0.475045307,0.226337641,0.0,0,0.4268045560318366,1,0.5651218628040784
0.80756749,0.218451689,1.0,1,0.8177394362540044,1,0.7021110999125563
0.653065504,0.905689553,0.0,0,0.4881026409809793,1,0.5360949413155208
0.088945082,0.089438895,0.0,0,0.2827633112715579,0,0.4753418086453841
0.370157147,0.603642616,1.0,0,0.4567200844391571,0,0.4555916831089815
0.765918198,0.198447002,1.0,1,0.8045893794709433,1,0.6973543016990277
0.363455751,0.966845192,1.0,1,0.8489122672066618,1,0.5821030652831505
0.343493626,0.12736983,0.0,0,0.39385671571196845,1,0.5755639738799401
0.889170927,0.237022744,1.0,1,0.849017459853088,1,0.7156814579148477
0.540915468,0.130382959,1.0,1,0.6539563933208148,1,0.6568222461812209
0.24334934,0.398107113,0.0,0,0.3616313698853228,0,0.41095639766358993
0.528261841,0.165294141,1.0,1,0.5877031281567776,1,0.6340441615954979
0.652411376,0.422652913,1.0,0,0.39378569143472586,1,0.5057610590269772
0.38402574,0.994051207,1.0,1,0.851793151334786,1,0.5879257915723767
0.179498746,0.202418985,0.0,0,0.2843534870729519,0,0.44117766716893947
0.71341796,0.395041633,1.0,1,0.5104745702593636,1,0.5533352094881221
0.4447057,0.278173866,0.0,0,0.33894440348048493,1,0.5093556182929573
0.431044549,0.078510122,0.0,1,0.5781149181904939,1,0.6428914741944234
0.261525387,0.440781503,0.0,0,0.38749863546228686,0,0.4166516885050499
0.438694181,0.864685443,1.0,1,0.7210760917722434,1,0.5428676457959442
0.942779162,0.557398746,0.0,1,0.5962992954193818,1,0.5445665165171694
0.633016013,0.08274201,1.0,1,0.7959200506138598,1,0.6906036573982747
0.976578453,0.06270241,1.0,1,0.9058896689402844,1,0.6920956037242617
0.201484656,0.663117289,1.0,1,0.7539727833296942,0,0.493006303920798
0.41752892,0.617946025,1.0,0,0.41408356065431545,0,0.4574379176413192
0.085510825,0.831011023,1.0,1,0.8886744673128473,1,0.5668176787097059
0.807654782,0.314177795,1.0,1,0.7400257727861616,1,0.6596041751517315
0.020875907,0.644702591,1.0,1,0.855165027792075,1,0.5062331995588942
0.476856838,0.512392408,1.0,0,0.28445292014574614,0,0.4370971703069547
0.706351601,0.430682536,1.0,0,0.44966495010671403,1,0.5241146833097748
0.393193952,0.179843864,0.0,0,0.3881324611703258,1,0.5599961581607618
0.678189699,0.639107094,0.0,0,0.2731193879696112,0,0.4607711093410147
0.18480319,0.700269702,1.0,1,0.7982952353920743,1,0.5094906509361525
0.516577994,0.034482853,1.0,1,0.7399433594568317,1,0.6764957923630217
0.080286847,0.454491137,0.0,1,0.6523451131595759,0,0.42371440028082474
0.675189718,0.07202079,1.0,1,0.8289515894303234,1,0.6958853678283285
0.88016343,0.180267903,1.0,1,0.8671478359281999,1,0.7188191146521925
0.663076645,0.64266335,0.0,0,0.2728688929896929,0,0.46045358727621005
0.081888362,0.644023532,1.0,1,0.8268597991783578,0,0.49882862598269834
0.665546585,0.207515122,1.0,1,0.7073207879243162,1,0.6639424385151974
0.435219926,0.096834693,0.0,1,0.5569636802831722,1,0.6355498306661735
0.253024864,0.723892659,1.0,1,0.763150257018033,1,0.5111098522404585
0.642687239,0.210913178,1.0,1,0.6764478486573026,1,0.653627487406767
0.797397702,0.831167104,0.0,0,0.28120928273892754,1,0.5007485880708133
0.854620956,0.781186662,0.0,0,0.2749490330667349,0,0.4867012383515551
0.854170185,0.170921221,1.0,1,0.8618158776329924,1,0.7159942225548437
0.71622492,0.170518211,1.0,1,0.7900295645078605,1,0.6926606508117886
0.487670879,0.606863261,1.0,0,0.33086112716008564,0,0.4518488301637063
0.830516026,0.184061492,1.0,1,0.8475025325622932,1,0.7123607472059295
0.594562805,0.559008808,0.0,0,0.27440421241635365,0,0.44977595173755397
0.107534254,0.52995154,1.0,1,0.7120293423062207,0,0.4496112302963007
0.692126159,0.586744135,0.0,0,0.2901939070022592,0,0.46113351843764505
0.251456886,0.849831247,1.0,1,0.8460375591198395,1,0.5565850011250857
0.88451909,0.952428725,0.0,0,0.2960109204734684,1,0.5314630914836419
0.177949318,0.701378903,1.0,1,0.8038035132796456,1,0.5106882404291165
0.630409734,0.152845458,1.0,1,0.7305942014221071,1,0.675641251129532
0.464553701,0.308387957,0.0,0,0.32956820319708674,0,0.4973209335548206
0.912722368,0.616944748,0.0,0,0.46569912561513416,1,0.5026044914916407
0.70627161,0.873925656,0.0,0,0.37852109068573264,1,0.5207516713507883
0.852518416,0.952805546,0.0,0,0.3168986286451328,1,0.5340849948027109
0.810005232,0.631975138,0.0,0,0.33349109391167786,0,0.47516321069670514
0.419169703,0.688289062,1.0,1,0.5080597229335565,0,0.4810777671501335
0.409986391,0.025474271,0.0,1,0.6253883367775642,1,0.655881949186379
0.887287462,0.714173812,0.0,0,0.3262051863453094,0,0.480859450536431
0.697595778,0.761687624,0.0,0,0.2946540407792408,0,0.48598035442497034
0.360547756,0.137974376,0.0,0,0.4005332110318944,1,0.575995237786608
0.755346626,0.212255701,1.0,1,0.7868019602319518,1,0.690531369937883
0.204317794,0.001707054,0.0,0,0.3856223722216829,1,0.5973403664043225
0.430950789,0.794031302,1.0,1,0.6437273838564737,1,0.5186382360532305
0.695865008,0.928711702,0.0,0,0.4607271699530071,1,0.5397960369356883
0.817382092,0.5507589,0.0,0,0.4311005368001325,0,0.499879539330417
0.830882961,0.885414808,0.0,0,0.2894098889892568,1,0.5148029066428164
0.793773329,0.80607718,0.0,0,0.2751648785024141,0,0.49392008114674263
0.556624412,0.918169893,0.0,1,0.6439252954434945,1,0.5493176620375272
0.252970112,0.338655778,0.0,0,0.30790250388760476,0,0.41473723881007485
0.685115661,0.294169795,1.0,1,0.6190638294580969,1,0.6177950924518276
0.988334976,0.047655352,1.0,1,0.9081609695709862,1,0.6848924664145095
0.751793022,0.316308694,1.0,1,0.6757242460152211,1,0.6333430918708453
0.279740767,0.926808965,1.0,1,0.8648014609705448,1,0.5779247997182011
0.309337307,0.144799737,0.0,0,0.34295827038956156,1,0.5446791675081553
0.175602449,0.172545144,0.0,0,0.2812108846169022,0,0.45753622459205473
0.50336836,0.911839813,0.0,1,0.7022934614804358,1,0.5523325969175901
0.735419707,0.066185399,1.0,1,0.8583326777260798,1,0.6994618941510541
0.618622806,0.054825615,1.0,1,0.8059643315198131,1,0.6896845143193544
0.574939409,0.696047425,0.0,0,0.3326372948748924,0,0.47295591687623073
0.681153573,0.359789204,1.0,1,0.51684773226497,1,0.5645831413191699
0.182854007,0.045312093,0.0,0,0.3264095958576661,1,0.557909391456009
0.856372983,0.274201446,1.0,1,0.8121375384744468,1,0.6973942141237209
0.76227943,0.497231658,1.0,0,0.4321201111196984,1,0.5067007243113953
0.662014558,0.781000562,0.0,0,0.3311285057858698,0,0.49383649183184436
0.329799017,0.852757614,1.0,1,0.8049675279924227,1,0.5497211096737947
0.644153076,0.175932708,1.0,1,0.719845795621831,1,0.6710308404080902
0.034286939,0.599562363,1.0,1,0.8282090934582935,0,0.48611302231994324
0.610945157,0.955273282,0.0,1,0.621197988202314,1,0.5562104885193617
0.800879146,0.009596325,1.0,1,0.8904901543995432,1,0.6847253442079446
0.943761727,0.554412258,0.0,1,0.6020255271566559,1,0.5469560257358614
0.491322173,0.919666427,1.0,1,0.7244250614317268,1,0.5560316837806534
0.706183499,0.59591967,0.0,0,0.2920380948884463,0,0.4625116362872848
0.228194387,0.66376145,1.0,1,0.7282325111592853,0,0.4903720610723937
0.910847602,0.945901909,0.0,0,0.2808246433768923,1,0.5275334009560476
0.278171747,0.5689835,1.0,1,0.537369268569091,0,0.4499677197661144
0.47118805,0.157583109,0.0,1,0.5180626668441304,1,0.6143616480145776
0.825134874,0.53713716,0.0,0,0.45986870836590066,1,0.5091578208953838
0.81550702,0.142912294,1.0,1,0.858446247609509,1,0.7116089889818288
0.020704013,0.607179487,1.0,1,0.8389992437862606,0,0.4908771733702497
0.596178744,0.50850559,0.0,0,0.2856694532281268,0,0.4542133228005771
0.878544364,0.033155764,1.0,1,0.8985852520650038,1,0.6882497499998034
0.756104213,0.784119444,0.0,0,0.27967958465428283,0,0.4895816658285122
0.760263851,0.961436022,0.0,0,0.41920804078422286,1,0.5446264329254594
0.350032192,0.287437062,0.0,0,0.2840766124208084,0,0.4614317380867004
0.382169923,0.172581476,0.0,0,0.38445492961479627,1,0.5600885434905472
0.440299323,0.70159991,1.0,0,0.4970678370700159,0,0.4840342343253559
0.552609975,0.225310284,1.0,1,0.5334313449811747,1,0.6047265835893612
0.982607605,0.731495985,0.0,0,0.4021299491867894,0,0.4918079040747809
0.690833274,0.636274776,0.0,0,0.27472511400090827,0,0.4612923405688668
0.730501269,0.233586464,1.0,1,0.7465132457692022,1,0.6742235832201768
0.086132912,0.855221396,1.0,1,0.8927502506757817,1,0.5742650683879332
0.593014852,0.217153598,1.0,1,0.6026973141777493,1,0.6291688985119397
0.942890696,0.196457516,1.0,1,0.879721377800468,1,0.7251411412485975
0.609433061,0.021956207,1.0,1,0.8213720212990842,1,0.687315116102349
0.96145869,0.113848204,1.0,1,0.8984590356815755,1,0.7106120971001977
0.053139042,0.233127191,0.0,0,0.38654004832820343,0,0.39229682426084556
0.467203075,0.085242529,0.0,1,0.6185899483276326,1,0.651885941359244
0.266310079,0.307002176,0.0,0,0.28795554598035367,0,0.4250880710860841
0.836016331,0.075385166,1.0,1,0.8840173859488039,1,0.7029078894614266
0.709798243,0.831925051,0.0,0,0.333904018625923,1,0.5067042808162366
0.755536034,0.178501306,1.0,1,0.8113122712479478,1,0.6996064292101043
0.341890657,0.699182335,1.0,1,0.6342382124739389,0,0.49230620009217324
0.711543566,0.35410973,1.0,1,0.5687170333071925,1,0.5845595284169097
0.239573882,0.93486866,1.0,1,0.8784023490144418,1,0.5837891381772318
0.832217203,0.850061168,0.0,0,0.2761079359371581,1,0.5042660810466125
0.178830538,0.087850828,0.0,0,0.2988682215039011,1,0.5225856874280893
0.386324687,0.647464878,1.0,0,0.4959335760960064,0,0.46927933923847526
0.343026891,0.489482779,0.0,0,0.3541788432914087,0,0.4269887810664017
0.286449844,0.189861345,0.0,0,0.29822118885927945,0,0.4975666202666067
0.574844104,0.373042728,1.0,0,0.3666099174129576,1,0.5037558134380937
0.19134236,0.274426409,0.0,0,0.30665249851718,0,0.41485447299471384
0.615061894,0.126507421,1.0,1,0.7426221761152246,1,0.6796780191519979
0.235014082,0.686833157,1.0,1,0.7449588672680195,0,0.4987007933835427
0.986592412,0.940901529,0.0,0,0.26798147927719074,1,0.5212647162373745
0.724401487,0.829890138,0.0,0,0.3206170370451033,1,0.5049881716585659
0.906161704,0.121873666,1.0,1,0.8884028471433278,1,0.7133998936845115
0.983404968,0.253486972,1.0,1,0.8749809667437822,1,0.7293544913891422
0.753189282,0.289745973,1.0,1,0.7096280603371129,1,0.6518911363352354
0.03173868,0.976302797,1.0,1,0.9104032564435702,1,0.610786722560638
0.813997428,0.108446886,1.0,1,0.8697383601383917,1,0.708713809333186
0.922566431,0.583253518,0.0,1,0.5289569063716132,1,0.5211316400751691
0.859525135,0.61862787,0.0,0,0.3962149030528188,0,0.4878237856596867
0.669831302,0.621550045,0.0,0,0.2742372305545391,0,0.45876455376907804
0.169128738,0.843514056,1.0,1,0.8726194536889337,1,0.5626594949292655
0.141555292,0.394440179,0.0,0,0.4802153807166123,0,0.40546255322310615
0.766616755,0.502197197,0.0,0,0.43104287554205234,1,0.5056699591199806
0.665246408,0.561359023,0.0,0,0.29030862846939104,0,0.45927849180787284
0.379036123,0.76175216,1.0,1,0.6686539174270197,1,0.512066257515526
0.442166734,0.125163063,0.0,1,0.5248366338904491,1,0.6224107240312082
0.855304778,0.040272206,1.0,1,0.8942229464376281,1,0.6921422688705594
0.664666801,0.353708112,1.0,1,0.5024895308402815,1,0.5610145092313842
0.484869217,0.891739967,1.0,1,0.7001197247659855,1,0.5474690890671875
0.946076257,0.604375236,0.0,1,0.531105809178269,1,0.5188912955812468
0.796541425,0.987917856,0.0,0,0.40732092688561844,1,0.549817946229777
0.147311266,0.444352767,0.0,1,0.5441770500478323,0,0.41729024767832085
0.084807961,0.289015906,0.0,0,0.41498631454085705,0,0.3920917625674901
0.911143802,0.20654466,1.0,1,0.86827916246113,1,0.7221052550874112
0.554883798,0.255874653,1.0,0,0.49164614645200233,1,0.582529152716207
0.395774184,0.652962882,1.0,0,0.4904051321415342,0,0.47047006074844294
0.706994668,0.668671744,0.0,0,0.2725331149886558,0,0.46554976728241004
0.921303594,0.514649509,0.0,1,0.6280457119855375,1,0.5645267506293113
0.20268843,0.919409268,1.0,1,0.883241134871886,1,0.5826158492332664
0.321868287,0.08535321,0.0,0,0.41968328880052375,1,0.5953770371487422
0.925214639,0.656478749,0.0,0,0.42782552643627886,0,0.4935472623572283
0.198957439,0.537704615,1.0,1,0.6056933248960606,0,0.44471555774643046
0.589647617,0.646335985,0.0,0,0.29165380025241594,0,0.4597942975562023
0.3450306,0.396245966,0.0,0,0.2909602052954399,0,0.42381793185837024
0.516017232,0.71672972,0.0,0,0.41561318254758167,0,0.48320542881147527
0.026498163,0.721355409,1.0,1,0.8775130994136663,1,0.5352989696235232
0.686055774,0.490895817,1.0,0,0.3546909893174788,0,0.48277837714580785
0.086503478,0.589392387,1.0,1,0.7879041728276375,0,0.475902525056875
0.692314839,0.392254756,1.0,0,0.48494115182197345,1,0.5450582577637616
0.191702471,0.284842466,0.0,0,0.31247670406760397,0,0.4121938858586336
0.071516139,0.281896321,0.0,0,0.42246944745061565,0,0.39055632280194835
0.372810229,0.104364831,0.0,0,0.45907117018151733,1,0.605618280439887
0.435638807,0.590398131,1.0,0,0.3628113499998827,0,0.44881688338454434
0.956608379,0.598061449,0.0,1,0.5557076342423662,1,0.5259694715968777
0.215028637,0.434027533,0.0,0,0.4352279495724569,0,0.41427816668931017
0.97214501,0.602506394,0.0,1,0.571336993631302,1,0.5294332358868136
0.027294626,0.478881644,0.0,1,0.7418489079146193,0,0.43701081900816674
0.576034189,0.68714443,0.0,0,0.3246787950276727,0,0.4703461198067762
0.90666785,0.261694482,1.0,1,0.8455274547352366,1,0.7143217624222934
0.221415101,0.771993624,1.0,1,0.8214233499005654,1,0.5325918939853506
0.487048425,0.524895998,1.0,0,0.28509918417842883,0,0.4386243195687533
0.882995348,0.551887632,0.0,1,0.519104631672707,1,0.5231842324841437
0.787580398,0.595839983,0.0,0,0.34681390415752805,0,0.47691137615087265
0.14279011,0.793882725,1.0,1,0.8654605429503183,1,0.5487301019992638
0.447171226,0.819102602,1.0,1,0.6558301273335772,1,0.526041785388378
0.814391868,0.483918523,1.0,1,0.5223162691763451,1,0.5367159908963369
0.051935189,0.34700929,0.0,1,0.5396002956975812,0,0.39477464877228996
0.251738969,0.570376963,1.0,1,0.5776943525001075,0,0.45238880870807574
0.129265254,0.592259811,1.0,1,0.7543007440838322,0,0.4723810195622837
0.86670199,0.640716155,0.0,0,0.3784994587873409,0,0.4843367308357539
0.236830181,0.223101608,0.0,0,0.2799560774989856,0,0.452489150542433
0.290250288,0.591192583,1.0,1,0.5524837129148562,0,0.4568464940904763
0.642412454,0.954446454,0.0,1,0.5753112419833915,1,0.5530432810491013
0.803724015,0.344651973,1.0,1,0.7022222006779266,1,0.6373448582679853
0.642502638,0.056786446,1.0,1,0.8195437874482642,1,0.6922222637657685
0.188792467,0.660689629,1.0,1,0.7632611058857407,0,0.49343385571540127
0.585779753,0.415897884,1.0,0,0.3358908995422743,0,0.483092285138869
0.862628248,0.338589632,1.0,1,0.7672766580418642,1,0.6674418297245224
0.487038928,0.179122342,0.0,1,0.5087316001400225,1,0.6068612231563687
0.157192392,0.686104493,1.0,1,0.8073055655292326,1,0.507036338013197
0.997347669,0.932566621,0.0,0,0.2700547817587899,1,0.5184496120888494
0.226094966,0.011279499,0.0,0,0.3984154984811113,1,0.6006838343323985
0.921525996,0.191730217,1.0,1,0.8755963291466119,1,0.7231001611800072
0.775667599,0.558203363,0.0,0,0.3735794475218224,0,0.4842382638602106
0.376165011,0.202684405,0.0,0,0.3480463723745584,1,0.5330355007965305
0.193450591,0.751233858,1.0,1,0.8253286700523867,1,0.5279719135696301
0.680651128,0.166745658,1.0,1,0.764488469904919,1,0.6848815093464383
0.45660871,0.939761872,1.0,1,0.776292880770467,1,0.5656678165460942
0.44636601,0.059534555,0.0,1,0.626614927631207,1,0.655180028440563
0.674261131,0.900798774,0.0,0,0.45168084408762676,1,0.5325236412500288
0.025296629,0.72624251,1.0,1,0.8790142772576703,1,0.53723105100158
0.388153162,0.886485963,1.0,1,0.7877043459747892,1,0.5551789140663911
0.51017619,0.382365316,1.0,0,0.30791458505579755,0,0.4722387879096084
0.923674742,0.42598091,1.0,1,0.7397362079396311,1,0.6345087036743
0.373899986,0.291436838,0.0,0,0.28975890589851094,0,0.4687497862809926
0.971189281,0.11035654,1.0,1,0.9001456618075175,1,0.7092165128017558
0.538413199,0.578085731,0.0,0,0.28528210929182946,0,0.44693744126475665
0.510813336,0.577892562,0.0,0,0.2969610212112289,0,0.4459910173513658
0.163313309,0.614006923,1.0,1,0.7428504425262332,0,0.4775109738456135
0.554242373,0.740535012,0.0,0,0.398444875879825,0,0.4883382975596192
0.336180858,0.360272773,0.0,0,0.28278899033502375,0,0.4282740439765119
0.097171046,0.230595738,0.0,0,0.34161346266370607,0,0.4028828225932127
0.75355534,0.087166773,1.0,1,0.8569802518152587,1,0.7029905122492938
0.24465479,0.421938282,0.0,0,0.3851589104453257,0,0.4133056110143826
0.257169182,0.5751101,1.0,1,0.5767789950596662,0,0.45366408488732035
0.972258922,0.397020911,1.0,1,0.8044740048042567,1,0.6768292177944382
0.669007055,0.842093862,0.0,0,0.38426638573283056,1,0.5132911160798816
0.317767244,0.201349092,0.0,0,0.30764915869055065,1,0.504423153818324
0.39781467,0.940823567,1.0,1,0.8184375312736468,1,0.5714103828829614
0.716289467,0.003430127,1.0,1,0.8730355064006677,1,0.6861260180641503
0.435855294,0.63786487,1.0,0,0.41628193054703583,0,0.4626619882850759
0.926094768,0.267916346,1.0,1,0.8509967457341915,1,0.7171803562288425
0.470650697,0.685398333,1.0,0,0.43301960283641217,0,0.47598205160170887
0.961398604,0.105524197,1.0,1,0.8995583655486492,1,0.7081302219825806
0.4363083,0.553295021,1.0,0,0.3290108351309262,0,0.44027410705342784
0.660409966,0.933578175,0.0,1,0.5182166634622557,1,0.5446325895541241
0.262040447,0.948679424,1.0,1,0.8762976599248441,1,0.5857290836726285
0.159307304,0.872987354,1.0,1,0.8824318918493103,1,0.5728445360487352
0.161365477,0.258085376,0.0,0,0.3147552775328572,0,0.4117223328261804
0.742979288,0.540406485,0.0,0,0.3594569213533592,0,0.48112326628571306
0.782201701,0.765664786,0.0,0,0.2712127814256057,0,0.4841286564716554
0.690639901,0.996936316,0.0,1,0.5677776305311383,1,0.561979221799804
0.338844046,0.304190349,0.0,0,0.2792040089029293,0,0.448694400476594
0.732955156,0.95653093,0.0,0,0.4484953231676837,1,0.5454796084643634
0.510376118,0.706930597,0.0,0,0.4103807974421685,0,0.4803292712166346
0.026363884,0.616455913,1.0,1,0.840764873845067,0,0.49404735982476367
0.476487271,0.633383338,1.0,0,0.3652481424658306,0,0.4592335811095485
0.417747142,0.303490793,0.0,0,0.3031126797731653,0,0.47982524797410786
0.042482043,0.96712639,1.0,1,0.9091733363459769,1,0.6078928542604612
0.228019615,0.133449896,0.0,0,0.29904440775148394,1,0.5116963718688744
0.35847663,0.271061545,0.0,0,0.29210767482785166,0,0.47462386657677824
0.897609386,0.716139926,0.0,0,0.3327884521827216,0,0.48190579885684803
0.221373715,0.090186213,0.0,0,0.32043620463568284,1,0.5427022931639616
0.541898231,0.619744985,0.0,0,0.3025639005290184,0,0.45426400313092674
0.680642098,0.639075577,0.0,0,0.2732835308207301,0,0.4609048756465252
0.063964631,0.194420237,0.0,0,0.3390826539786578,0,0.4050252031218855
0.125263897,0.197111946,0.0,0,0.30120812545280673,0,0.4236611113844712
0.882239175,0.173103451,1.0,1,0.8700409124033474,1,0.7188508453035888
0.98689071,0.93350511,0.0,0,0.2686617400174013,1,0.5192300426320522
0.739402305,0.463727888,1.0,0,0.4477622753318198,1,0.5170770330637445
0.651739578,0.563068515,0.0,0,0.2845478889352673,0,0.4569920224026777
0.401838053,0.302278782,0.0,0,0.2961306188685945,0,0.4738664505435235
0.302345848,0.795259781,1.0,1,0.7824759082622683,1,0.5324267189628341
0.345502219,0.262928158,0.0,0,0.29057784439380313,0,0.47413813524753373
0.972613693,0.060980715,1.0,1,0.9056941281477465,1,0.6917438339767649
0.795892856,0.876447154,0.0,0,0.3035774001881194,1,0.5144964770756598
0.748413353,0.791396898,0.0,0,0.2849422416265717,0,0.4919390218685921
0.11656805,0.016554643,0.0,0,0.3052093035266523,1,0.5467175959291911
0.192753895,0.011307008,0.0,0,0.36393168909012064,1,0.5864430655056325
0.730990049,0.02298101,1.0,1,0.8714465567187103,1,0.6909704510010022
0.409874602,0.251888908,0.0,0,0.33323988927909576,1,0.5118672589302365
0.733204771,0.217441712,1.0,1,0.7643294966272697,1,0.6821294728929594
0.159648083,0.302631363,0.0,0,0.3501339685357344,0,0.4024566329339652
0.120866766,0.691180503,1.0,1,0.8315806284949482,1,0.5131425915258727
0.984466627,0.44397798,1.0,1,0.7774662454955242,1,0.6502133856748784
0.973942563,0.079885204,1.0,1,0.9039495688721049,1,0.6988156548400779
0.360875495,0.675818008,1.0,1,0.574319221388614,0,0.4817039017230501
0.058360376,0.305584761,0.0,0,0.4710364238201213,0,0.38967903539501714
0.516706037,0.130374052,1.0,1,0.6219897235208265,1,0.64849250119404
0.696879144,0.53491469,0.0,0,0.3248957821548811,0,0.470694210082496
0.444853433,0.355260866,0.0,0,0.2905534231053801,0,0.46196826797480933
0.814678887,0.165756837,1.0,1,0.848853181804749,1,0.7113127949642243
0.261757105,0.474904124,0.0,0,0.4282637320432815,0,0.42313523972111755
0.522145758,0.196986735,1.0,1,0.5320918217234847,1,0.610675612470225
0.488693425,0.339476138,0.0,0,0.32326971271378135,0,0.48777005586568534
0.789936909,0.216891219,1.0,1,0.807775086187173,1,0.6982307133546295
0.38932336,0.603666576,1.0,0,0.4314282988983578,0,0.454508263751047
0.741503772,0.523130381,0.0,0,0.376265192777165,0,0.48710575067260486
0.235758072,0.853076647,1.0,1,0.8538474327232137,1,0.5592078956221699
0.349683425,0.94599522,1.0,1,0.8457580647313322,1,0.5772974578223631
0.212882992,0.323489486,0.0,0,0.3240299630552659,0,0.4093702617294091
0.487884972,0.766111681,1.0,1,0.5225968819120378,1,0.5029399964936717
0.81037844,0.856693471,0.0,0,0.28589098184755707,1,0.5074808713565484
0.799368078,0.849700076,0.0,0,0.2876727088523578,1,0.5060785914100949
0.633213082,0.049734888,1.0,1,0.8183928314814494,1,0.6910778359212812
0.397376711,0.892090239,1.0,1,0.7849813023151869,1,0.556115498370227
0.665544267,0.311483628,1.0,1,0.5664524949624318,1,0.5948957354853499
0.823034665,0.911043538,0.0,0,0.30830104467423775,1,0.5233066553600796
0.593632751,0.87763398,0.0,1,0.5330097469618439,1,0.5321798270203402
0.413140595,0.744696856,1.0,1,0.5993797110663114,1,0.5022922525094757
0.084746611,0.403303132,0.0,1,0.5745124695060568,0,0.4076570006320173
0.9509586,0.122450895,1.0,1,0.8957645920116754,1,0.7132487156290414
0.808636967,0.038572098,1.0,1,0.8862755568548459,1,0.6935909222416355
0.35080131,0.611889835,1.0,0,0.4952685776601474,0,0.45960042371087545
0.986137072,0.388793797,1.0,1,0.8185876115609,1,0.6873383166996208
0.771092616,0.838031662,0.0,0,0.2958479196493883,1,0.5043500008663696
0.307205022,0.976423475,1.0,1,0.8717278259039538,1,0.589537524299197
0.324073183,0.89543615,1.0,1,0.8336580041599613,1,0.564256586581172
0.889284473,0.929233423,0.0,0,0.28282420045354517,1,0.5240381087069247
0.455961043,0.379399058,0.0,0,0.28552808371497446,0,0.4550904507958155
0.689846064,0.419648885,1.0,0,0.44314873478791894,1,0.5241429751101042
0.8780822,0.786032073,0.0,0,0.27980442176543385,0,0.48767721195923613
0.133576868,0.364323374,0.0,0,0.4496521097145987,0,0.4004113396170073
0.247650838,0.080041857,0.0,0,0.34834523027078357,1,0.563829240669106
0.089486488,0.090457972,0.0,0,0.28278240871469845,0,0.4748419750294869
0.971766633,0.678420559,0.0,0,0.4587849741695885,0,0.4987867754618813
0.183566253,0.614575905,1.0,1,0.722683305315637,0,0.4755945170038542
0.360031135,0.894700979,1.0,1,0.81294192127722,1,0.5605753847489228
0.368935241,0.277569246,0.0,0,0.293445881289258,0,0.4750510061566949
0.460095684,0.35036285,0.0,0,0.2993409115742021,0,0.4700144940245285
0.407112282,0.630897413,1.0,0,0.44411757109678734,0,0.46217930711331656
0.73207939,0.985822509,0.0,0,0.49104872945309364,1,0.5548394186925957
0.94894794,0.700854024,0.0,0,0.40021644528270517,0,0.4898716243878406
0.261887417,0.917354303,1.0,1,0.8674095783490923,1,0.5767466091388129
0.831267157,0.533446216,0.0,0,0.47343715235526146,1,0.5134014097942604
0.231223089,0.429589587,0.0,0,0.4094755451218945,0,0.4138696904905919
0.475718062,0.5051428,1.0,0,0.2826720292809505,0,0.4367428065983604
0.813717516,0.797726803,0.0,0,0.27078856379387267,0,0.4910273634754437
0.760027439,0.170358539,1.0,1,0.8192020417155329,1,0.7019849542518418
0.516403526,0.128842314,1.0,1,0.6237385017663352,1,0.6491237884584073
0.311620019,0.268717688,0.0,0,0.28083498935156836,0,0.45664899851144186
0.566022605,0.818466237,0.0,0,0.4863981737520231,1,0.5142738185461312
0.53217863,0.380758,1.0,0,0.323240740151803,0,0.4813853240124739
0.152791166,0.364110332,0.0,0,0.42460758982255986,0,0.401510243735679
0.23182256,0.550206791,1.0,1,0.5769578474134482,0,0.4467213301010564
0.005567966,0.76118784,1.0,1,0.8902861193661087,1,0.5517920212951049
0.177996506,0.315355337,0.0,0,0.3452143431128926,0,0.4042159456906876
0.69073103,0.801215895,0.0,0,0.3243857924806195,0,0.49827363322449
0.100155721,0.447592459,0.0,1,0.6161596649907648,0,0.420237261209018
0.971471591,0.164348698,1.0,1,0.8921596402719234,1,0.7226022130593658
0.179897119,0.401689962,0.0,0,0.43841812923876905,0,0.40771733881330846
0.198236758,0.963213547,1.0,1,0.8923521437109652,1,0.5949541494381587
0.088531147,0.697380357,1.0,1,0.8495265998584415,1,0.5192339278282752
0.211331996,0.54777607,1.0,1,0.6026402271165189,0,0.4473895327422375
0.221696709,0.043807119,0.0,0,0.359111119823052,1,0.5777172916610838
0.846841308,0.566540258,0.0,0,0.4479060199485789,1,0.5026368285645949
0.049908894,0.117754735,0.0,0,0.29982622712239987,0,0.43746321383513564
0.145036002,0.887230252,1.0,1,0.8882217900562713,1,0.5784217349154154
0.409900809,0.53296149,1.0,0,0.33381576619995934,0,0.4360675410868415
0.113028346,0.038904844,0.0,0,0.29381219831745903,1,0.5275298332172934
0.980305931,0.573090517,0.0,1,0.6255541349047463,1,0.5506116474635551
0.76396633,0.92148424,0.0,0,0.3680202227323631,1,0.5314344916900706
0.965328292,0.884743979,0.0,0,0.2741904979832679,1,0.507573803566769
0.120968988,0.101235622,0.0,0,0.2821900640671591,0,0.4823599871197576
0.625923852,0.037938119,1.0,1,0.8212975589331377,1,0.6898073916991048
0.98164561,0.466789936,1.0,1,0.7545262586157386,1,0.6315947170577413
0.655156662,0.369504304,1.0,0,0.46655805358234426,1,0.5440044830747376
0.953209448,0.705696706,0.0,0,0.39927931429280866,0,0.4899652375701886
0.754814507,0.879707222,0.0,0,0.33644607941560456,1,0.5186523131656516
0.222634493,0.819540431,1.0,1,0.8452002385376226,1,0.5493031437471376
0.909782766,0.611439023,0.0,0,0.46952674341462763,1,0.5038411942013838
0.213397415,0.636684295,1.0,1,0.7146410877828423,0,0.4812467709116721
0.086126748,0.08122714,0.0,0,0.2825887865858515,0,0.4801838876111985
0.17457113,0.714377619,1.0,1,0.814496008306495,1,0.5161006580263018
0.88254889,0.489022413,1.0,1,0.6115696451558809,1,0.5649530624147137
0.707707654,0.452858198,1.0,0,0.42182391944433256,1,0.5104512485826146
0.487372178,0.432461147,0.0,0,0.2791514932063383,0,0.446503428893195
0.617929117,0.436541535,1.0,0,0.34467925407158756,0,0.48443336837678597
0.411051299,0.68060071,1.0,1,0.5085469518822354,0,0.4790132895336928
0.675510051,0.306139867,1.0,1,0.5884580316733388,1,0.6040409894549996
0.056547563,0.364470244,0.0,1,0.5584858849396339,0,0.398404986837712
0.22471319,0.365745173,0.0,0,0.34863754608675085,0,0.4081820897828635
0.281663612,0.779009464,1.0,1,0.7857537001485178,1,0.528706729499428
0.908136763,0.684995358,0.0,0,0.373275279442875,0,0.48506029392029276
0.1793204,0.704618117,1.0,1,0.8050903074363731,1,0.5117950413065603
0.231027143,0.771042108,1.0,1,0.8151321945098758,1,0.5312101969550397
0.909265459,0.449447815,1.0,1,0.6982084765114273,1,0.6091027035247705
0.934489069,0.240860784,1.0,1,0.8643702221685214,1,0.7231401133483212
0.168986495,0.036995199,0.0,0,0.3229488126777551,1,0.5572999243285875
0.549458385,0.804877167,0.0,0,0.4904029834307829,1,0.5110302257278273
0.148139955,0.250636472,0.0,0,0.31849162792118846,0,0.4104109260364538
0.327787801,0.356303118,0.0,0,0.2839329365167183,0,0.42724792301362696
0.314497903,0.302358813,0.0,0,0.2786680065666276,0,0.4412311874825042
0.879062644,0.202452794,1.0,1,0.8590426891339397,1,0.7180861693984348
0.382159569,0.053589356,0.0,1,0.5455943419207088,1,0.6374564325857313
0.621711835,0.126156791,1.0,1,0.749334454694227,1,0.6813946326287907
0.219462779,0.791524451,1.0,1,0.8332365273513727,1,0.5398443255371239
0.984870343,0.833136788,0.0,0,0.3066372866238788,0,0.4967867618269554
0.450611272,0.672276689,1.0,0,0.44188846521366554,0,0.4730030336415368
0.177921178,0.751724369,1.0,1,0.8338237159993558,1,0.5298502654946392
0.500729541,0.493103856,1.0,0,0.2759597488247145,0,0.43988878316529967
0.290157803,0.622664417,1.0,1,0.5984620485971216,0,0.46833504939522236
0.167991722,0.242829443,0.0,0,0.30243756204601346,0,0.4185869501089113
0.739450737,0.144304803,1.0,1,0.8229606397065351,1,0.7017941065959594
0.914881715,0.226859592,1.0,1,0.8626861872724083,1,0.7214481440035864
0.049598405,0.373959273,0.0,1,0.5822937708290817,0,0.4006638882233851
0.572488841,0.244402417,1.0,1,0.533399809726642,1,0.6001728144166294
0.714870996,0.836155693,0.0,0,0.3332078284169028,1,0.5076870543881429
0.878872166,0.512332003,0.0,1,0.5722793729038536,1,0.5464251517308316
0.534885715,0.376762511,1.0,0,0.32830653091375195,0,0.4846850303360216
0.477050731,0.342999601,0.0,0,0.313049748506485,0,0.4807912538855012
0.273136895,0.562803292,1.0,1,0.5355963808292732,0,0.4481969530296318
0.10779286,0.810666607,1.0,1,0.8797695701631544,1,0.5580114317850812
